# time,x,y,z,error
1.662390743664000000e+12,2.988684375000000060e+01,1.844347069999999889e+01,1.360000000000000098e+00,9.211605623233988238e-01
1.662390744224000000e+12,2.945493716434500087e+01,1.829992046151168594e+01,1.360000000000000098e+00,1.189057861475058875e+00
1.662390744814000000e+12,2.894909784262443964e+01,1.817540234172845004e+01,1.360000000000000098e+00,1.487550007225343141e+00
1.662390745344000000e+12,2.735485029057909045e+01,1.894857873755838540e+01,1.360000000000000098e+00,6.405693666782503737e-01
1.662390745924000000e+12,2.651902920690825383e+01,1.881338128313414515e+01,1.360000000000000098e+00,5.036781051967779144e-01
1.662390746484000000e+12,2.618148152022430963e+01,1.866371327414234216e+01,1.360000000000000098e+00,8.720192669410802289e-01
1.662390747024000000e+12,2.558736373664335062e+01,1.860380252975995674e+01,1.360000000000000098e+00,1.021313309879013476e+00
1.662390747554000000e+12,2.449474766696524952e+01,1.950820186866928552e+01,1.360000000000000098e+00,1.068170939616587711e+00
1.662390748154000000e+12,2.391254561964035474e+01,1.917383166930109084e+01,1.360000000000000098e+00,9.483224920416599701e-01
1.662390748704000000e+12,2.329814596505857338e+01,1.894915390815581446e+01,1.360000000000000098e+00,9.712668165606042070e-01
1.662390749254000000e+12,2.181911240437769450e+01,1.929999408798360605e+01,1.360000000000000098e+00,5.561456383580308804e-01
1.662390749814000000e+12,2.123884182970709134e+01,1.907183282451413930e+01,1.360000000000000098e+00,4.706229030959497850e-01
1.662390750344000000e+12,2.068389426975172540e+01,1.884700136066793519e+01,1.360000000000000098e+00,5.035131886075790986e-01
1.662390750894000000e+12,2.011555494498501062e+01,1.865619821522391319e+01,1.360000000000000098e+00,6.325572226451564584e-01
1.662390751474000000e+12,1.952903614889246242e+01,1.926073100640989466e+01,1.360000000000000098e+00,9.606462809103601952e-01
1.662390752014000000e+12,1.900451504886709486e+01,1.903563527554229040e+01,1.360000000000000098e+00,1.039275651580149118e+00
1.662390752574000000e+12,1.844552634467189733e+01,1.879052438373641110e+01,1.360000000000000098e+00,1.172010008966999139e+00
1.662390753134000000e+12,1.653270784125946591e+01,1.927534041665914444e+01,1.360000000000000098e+00,5.431721937890081620e-01
1.662390753704000000e+12,1.597280489466819375e+01,1.903198013202105088e+01,1.360000000000000098e+00,2.978768505683738188e-01
1.662390754274000000e+12,1.541164665034007619e+01,1.883343291954333054e+01,1.360000000000000098e+00,3.340268802318040464e-01
1.662390754864000000e+12,1.479058988208758763e+01,1.860763402825460133e+01,1.360000000000000098e+00,4.560797591295702169e-01
1.662390755454000000e+12,1.473528118769780626e+01,2.068309155521123799e+01,1.360000000000000098e+00,2.120353154544390772e+00
1.662390756034000000e+12,1.423651207606702052e+01,2.116656191276017296e+01,1.360000000000000098e+00,2.106867651952212039e+00
1.662390756614000000e+12,1.398799525804907873e+01,2.171871892942255045e+01,1.360000000000000098e+00,2.069199812453149434e+00
1.662390757194000000e+12,1.539148063775726705e+01,2.353040787726263261e+01,1.360000000000000098e+00,3.685349291175845199e+00
1.662390757774000000e+12,1.521702905755391022e+01,2.408158692999176864e+01,1.360000000000000098e+00,3.434518979620246437e+00
1.662390758374000000e+12,1.499001549970840763e+01,2.441265811171288291e+01,1.360000000000000098e+00,2.857623743868173971e+00
1.662390758914000000e+12,1.504772077144982667e+01,2.445082600696921915e+01,1.360000000000000098e+00,2.316887370439365768e+00
1.662390759494000000e+12,1.762434260969797961e+01,2.336289268379621120e+01,1.360000000000000098e+00,3.476587515655425342e+00
1.662390760064000000e+12,1.805439763611027004e+01,2.344377200658416172e+01,1.360000000000000098e+00,3.352789439362546808e+00
1.662390760654000000e+12,1.855790141481727673e+01,2.371888660374368385e+01,1.360000000000000098e+00,3.175713047848327975e+00
1.662390761164000000e+12,2.056518093650737811e+01,2.296923535890479684e+01,1.360000000000000098e+00,4.637881752117839262e+00
1.662390761764000000e+12,2.109465422611359031e+01,2.325493883971379105e+01,1.360000000000000098e+00,4.289016015615197297e+00
1.662390762334000000e+12,2.166070191409424694e+01,2.347844817331828793e+01,1.360000000000000098e+00,4.109519346581162580e+00
1.662390762834000000e+12,2.221687741440399932e+01,2.365166889617361434e+01,1.360000000000000098e+00,3.981805732997368619e+00
1.662390763424000000e+12,2.345162499949517354e+01,2.274996671437973461e+01,1.360000000000000098e+00,4.552181408961955000e+00
1.662390763964000000e+12,2.403734636493755161e+01,2.301901788720862285e+01,1.360000000000000098e+00,4.305212713599003926e+00
1.662390764524000000e+12,2.464368047429791986e+01,2.329880644121034905e+01,1.360000000000000098e+00,4.116173353555824477e+00
1.662390765074000000e+12,2.520387411070712957e+01,2.357427964897809503e+01,1.360000000000000098e+00,3.885853666100639536e+00
1.662390765614000000e+12,2.586234720707114931e+01,2.293853326700412509e+01,1.360000000000000098e+00,3.866935969705707521e+00
1.662390766154000000e+12,2.651141673733150483e+01,2.327187658761465627e+01,1.360000000000000098e+00,3.695723027864049826e+00
1.662390766684000000e+12,2.718402318144207896e+01,2.353247868108947927e+01,1.360000000000000098e+00,3.629031639961170619e+00
1.662390767204000000e+12,2.876381034600185416e+01,2.288343142154700871e+01,1.360000000000000098e+00,4.569104367322661453e+00
1.662390767764000000e+12,2.938189250956692078e+01,2.314336078699055221e+01,1.360000000000000098e+00,4.364081637197107177e+00
1.662390768334000000e+12,2.996686213400878884e+01,2.336631125606393411e+01,1.360000000000000098e+00,4.131204983710645706e+00
1.662390768884000000e+12,3.058947945275273739e+01,2.352193379616889146e+01,1.360000000000000098e+00,4.020528766424625644e+00
1.662390769444000000e+12,3.146671060389939711e+01,2.246157093073176725e+01,1.360000000000000098e+00,4.290469641049151406e+00
1.662390769994000000e+12,3.195095750929822742e+01,2.267056617258386808e+01,1.360000000000000098e+00,4.030069170602496698e+00
1.662390770574000000e+12,3.232738606149010963e+01,2.294416295908382608e+01,1.360000000000000098e+00,3.595384933175441056e+00
1.662390771134000000e+12,3.267712696600151645e+01,2.283329771189427149e+01,1.360000000000000098e+00,3.285303048268080506e+00
1.662390771654000000e+12,3.179161019826021217e+01,2.028431906002602858e+01,1.360000000000000098e+00,3.273279700383573854e+00
1.662390772244000000e+12,3.218381814144552067e+01,1.978491838115267143e+01,1.360000000000000098e+00,3.213573575391948989e+00
1.662390772834000000e+12,3.245912421614107046e+01,1.924015468268272855e+01,1.360000000000000098e+00,3.121423937536291771e+00
1.662390773404000000e+12,3.065309661068333469e+01,1.847594797847097325e+01,1.360000000000000098e+00,2.563935658459643108e+00
1.662390774024000000e+12,3.061389703736432466e+01,1.786505259033811654e+01,1.360000000000000098e+00,2.551764620314901144e+00
1.662390774594000000e+12,3.031750550842971847e+01,1.736908315786690338e+01,1.360000000000000098e+00,2.519078616702994822e+00
1.662390775194000000e+12,2.991416413159138443e+01,1.691650109877674169e+01,1.360000000000000098e+00,2.650025101720550502e+00
1.662390775734000000e+12,2.855821643087257300e+01,1.838238161170163920e+01,1.360000000000000098e+00,9.539291084000980359e-01
1.662390776324000000e+12,2.796816442162756999e+01,1.853279633162002327e+01,1.360000000000000098e+00,6.628822209206075566e-01
1.662390776884000000e+12,2.736034536476132573e+01,1.841403892594921388e+01,1.360000000000000098e+00,6.656649815051717267e-01
1.662390777454000000e+12,2.524196576169959272e+01,1.902541191434680812e+01,1.360000000000000098e+00,1.410824271792825435e+00
1.662390777994000000e+12,2.460810612775705408e+01,1.879194190119577712e+01,1.360000000000000098e+00,1.320580433338598647e+00
1.662390778534000000e+12,2.395298012563130641e+01,1.861011930373622292e+01,1.360000000000000098e+00,1.260258186872051489e+00
1.662390779084000000e+12,2.278902568737928291e+01,1.447526493635240463e+01,1.360000000000000098e+00,4.828634179047091912e+00
1.662390779654000000e+12,2.245672883446459878e+01,1.916865439673525628e+01,1.360000000000000098e+00,1.129521979947665677e+00
1.662390780204000000e+12,2.186924260074012238e+01,1.892915963777898014e+01,1.360000000000000098e+00,9.513315164758453513e-01
1.662390780744000000e+12,2.058242710569391676e+01,1.443427293117021470e+01,1.360000000000000098e+00,4.836636107646484106e+00
1.662390781294000000e+12,1.917533169669625792e+01,1.481069658632687691e+01,1.360000000000000098e+00,4.690070360358946644e+00
1.662390781834000000e+12,1.853537336735052321e+01,1.451796467523936762e+01,1.360000000000000098e+00,4.934997300095087525e+00
1.662390782384000000e+12,1.789596754681103974e+01,1.428096812685677897e+01,1.360000000000000098e+00,5.062050208452217426e+00
1.662390782944000000e+12,1.731324797655127767e+01,1.406182463980555575e+01,1.360000000000000098e+00,5.213872735104733813e+00
1.662390783494000000e+12,1.640244919322647021e+01,1.484138188302579131e+01,1.360000000000000098e+00,4.516007210162051422e+00
1.662390784074000000e+12,1.576731883744011498e+01,1.457697604262688706e+01,1.360000000000000098e+00,4.729816267587075629e+00
1.662390784594000000e+12,1.517092741717103799e+01,1.435411829077219892e+01,1.360000000000000098e+00,4.872562884179004072e+00
1.662390785164000000e+12,1.455779379784506844e+01,1.407334238155212347e+01,1.360000000000000098e+00,5.175711876474320405e+00
1.662390785714000000e+12,1.467613265705140257e+01,1.349448753679817870e+01,1.360000000000000098e+00,5.502230168564782531e+00
1.662390786304000000e+12,1.429114993962323155e+01,1.288457369961096433e+01,1.360000000000000098e+00,5.977373203481898933e+00
1.662390786904000000e+12,1.428089382191660661e+01,1.232620360127005021e+01,1.360000000000000098e+00,6.034713366917779709e+00
1.662390787544000000e+12,1.548804099034620130e+01,1.084586124503073457e+01,1.360000000000000098e+00,6.946108384149556336e+00
1.662390788104000000e+12,1.574263959593269924e+01,1.037074848114377090e+01,1.360000000000000098e+00,6.784521525999897662e+00
1.662390788664000000e+12,1.613551535522915259e+01,1.002471015636494656e+01,1.360000000000000098e+00,6.542405817877628316e+00
1.662390789214000000e+12,1.664093249774819228e+01,9.593552966795472869e+00,1.360000000000000098e+00,6.459684606226125503e+00
1.662390789764000000e+12,1.707051359300938387e+01,9.573383319056967267e+00,1.360000000000000098e+00,5.982894800191695950e+00
1.662390790374000000e+12,1.767262280323883417e+01,9.416958915385073681e+00,1.360000000000000098e+00,5.692595671486255782e+00
1.662390790954000000e+12,1.831604871341931684e+01,9.162653030032688051e+00,1.360000000000000098e+00,5.517608307716303173e+00
1.662390791494000000e+12,2.023015733039216713e+01,9.245823786073772865e+00,1.360000000000000098e+00,5.973604085772405980e+00
1.662390792054000000e+12,2.091808866209902362e+01,9.386141593258663818e+00,1.360000000000000098e+00,5.639618061384449987e+00
1.662390792584000000e+12,2.163176282617156332e+01,9.221838523437567048e+00,1.360000000000000098e+00,5.659612827855053929e+00
1.662390793124000000e+12,2.197562880884242631e+01,9.232329712221119422e+00,1.360000000000000098e+00,5.262762256629597069e+00
1.662390793664000000e+12,2.311441134372548944e+01,9.292681073442043527e+00,1.360000000000000098e+00,5.462327299148667770e+00
1.662390794214000000e+12,2.382209986552603809e+01,9.425934959095807031e+00,1.360000000000000098e+00,5.247503403536654787e+00
1.662390794774000000e+12,2.449148550364436616e+01,9.519925294226490919e+00,1.360000000000000098e+00,5.080885852703366901e+00
1.662390795324000000e+12,2.543435252367007493e+01,9.202131309556989436e+00,1.360000000000000098e+00,5.338761215976884245e+00
1.662390795914000000e+12,2.613510155089094411e+01,9.348463282695886889e+00,1.360000000000000098e+00,5.181382049584591698e+00
1.662390796514000000e+12,2.686360344521440879e+01,9.585574302728698370e+00,1.360000000000000098e+00,4.880208442247394807e+00
1.662390797114000000e+12,2.763926186342740010e+01,9.725557377154933292e+00,1.360000000000000098e+00,4.790237381721730081e+00
1.662390797674000000e+12,2.869342905368296215e+01,9.355245360999115078e+00,1.360000000000000098e+00,5.220096860431840291e+00
1.662390798204000000e+12,2.916865115140373632e+01,1.066839092363576391e+01,1.360000000000000098e+00,4.275021162085190340e+00
1.662390798754000000e+12,2.985963201732644023e+01,1.082943681055157903e+01,1.360000000000000098e+00,4.113622490094579476e+00
1.662390799284000000e+12,3.052231974907243739e+01,1.091807893002156327e+01,1.360000000000000098e+00,4.038907568062335862e+00
1.662390799854000000e+12,3.132813164251874127e+01,1.052062910658967532e+01,1.360000000000000098e+00,4.223769371376555171e+00
1.662390800394000000e+12,3.181346750613675312e+01,1.062983461159330645e+01,1.360000000000000098e+00,3.989458082086083657e+00
1.662390800974000000e+12,3.213324466349923370e+01,1.086457482636574312e+01,1.360000000000000098e+00,3.500680081595215487e+00
1.662390801544000000e+12,3.122008550181764974e+01,1.334029807591239702e+01,1.360000000000000098e+00,1.296269042258200832e+00
1.662390802134000000e+12,3.125533391051353505e+01,1.391807534171448424e+01,1.360000000000000098e+00,8.330296496331663914e-01
1.662390802694000000e+12,3.133569569274727584e+01,1.421961811311433976e+01,1.360000000000000098e+00,6.658437980793716626e-01
1.662390803254000000e+12,3.123942899147701979e+01,1.480364229808341570e+01,1.360000000000000098e+00,4.583840793854557227e-01
1.662390803774000000e+12,3.152659785181497654e+01,1.586127337640921020e+01,1.360000000000000098e+00,7.518390987269371051e-01
1.662390804344000000e+12,3.134771876545426395e+01,1.656894756496613752e+01,1.360000000000000098e+00,5.052509334386777740e-01
1.662390804874000000e+12,3.127169263526548093e+01,1.717215752583082988e+01,1.360000000000000098e+00,4.661119702595846737e-01
1.662390805444000000e+12,3.136106370918095720e+01,1.799363465598411693e+01,1.360000000000000098e+00,5.400034451822893766e-01
1.662390805994000000e+12,3.118417637426522759e+01,1.910137171642051612e+01,1.360000000000000098e+00,5.685295248432210569e-01
1.662390806534000000e+12,3.115870302567627803e+01,1.823361800872375937e+01,1.360000000000000098e+00,1.249120585490643975e+00
1.662390807084000000e+12,3.104828322768759463e+01,1.883219991017519135e+01,1.360000000000000098e+00,1.358835925433967029e+00
1.662390807654000000e+12,3.109719277382879454e+01,1.952703042440724701e+01,1.360000000000000098e+00,1.419886172606034780e+00
1.662390808214000000e+12,3.100188104776833597e+01,2.018186494459819968e+01,1.360000000000000098e+00,1.485948927007266773e+00
1.662390808784000000e+12,3.075615436554814153e+01,2.068118907388615924e+01,1.360000000000000098e+00,1.705881773611904517e+00
1.662390809364000000e+12,3.043441264020242087e+01,2.199152504573656586e+01,1.360000000000000098e+00,1.007301021525463858e+00
1.662390809964000000e+12,2.915342332913925461e+01,2.123947761122373379e+01,1.360000000000000098e+00,2.501061874321293566e+00
1.662390810514000000e+12,2.867534900234852913e+01,2.144522360626308810e+01,1.360000000000000098e+00,2.459599081267796805e+00
1.662390811114000000e+12,2.810764059379377144e+01,2.149614616370849163e+01,1.360000000000000098e+00,2.538087917517418468e+00
1.662390811644000000e+12,2.602110388522806161e+01,2.224514326657774532e+01,1.360000000000000098e+00,2.615200933933624849e+00
1.662390812234000000e+12,2.531255469920156287e+01,2.226409371027391160e+01,1.360000000000000098e+00,2.556502300754059043e+00
1.662390812764000000e+12,2.464758677437230361e+01,2.229712201697965313e+01,1.360000000000000098e+00,2.481697592170221789e+00
1.662390813314000000e+12,2.402363713654446897e+01,2.229639745606278112e+01,1.360000000000000098e+00,2.437394515258512140e+00
1.662390813854000000e+12,2.338182473047733012e+01,2.232587968161512038e+01,1.360000000000000098e+00,2.330383810544930601e+00
1.662390814404000000e+12,2.271020603572154428e+01,2.229678234941903625e+01,1.360000000000000098e+00,2.299636829790042025e+00
1.662390814944000000e+12,2.203076681607285181e+01,2.231037875781859015e+01,1.360000000000000098e+00,2.205877738386741171e+00
1.662390815484000000e+12,2.062863924758468670e+01,2.240498309397042931e+01,1.360000000000000098e+00,2.587511385072079673e+00
1.662390816034000000e+12,1.995222988541010523e+01,2.236957696645101024e+01,1.360000000000000098e+00,2.536701782606398226e+00
1.662390816584000000e+12,1.923253298980853643e+01,2.235388571972363181e+01,1.360000000000000098e+00,2.525863547490548200e+00
1.662390817124000000e+12,1.855660904278365209e+01,2.237606047938283993e+01,1.360000000000000098e+00,2.421400425613190244e+00
1.662390817684000000e+12,1.760340830209584695e+01,2.259901468934039315e+01,1.360000000000000098e+00,2.440319771488535405e+00
1.662390818224000000e+12,1.690587558206109264e+01,2.262273731344457772e+01,1.360000000000000098e+00,2.373764680016611450e+00
1.662390818794000000e+12,1.623569960300815751e+01,2.259891239721625666e+01,1.360000000000000098e+00,2.307740406155072588e+00
1.662390819344000000e+12,1.549998032085400546e+01,2.198252269086621524e+01,1.360000000000000098e+00,2.670202211885328136e+00
1.662390819914000000e+12,1.470312144592664438e+01,2.180062528592185700e+01,1.360000000000000098e+00,2.848387985164507974e+00
1.662390820444000000e+12,1.407500342687493244e+01,2.182262207418619226e+01,1.360000000000000098e+00,2.737759306124826431e+00
1.662390821024000000e+12,1.352548713824974591e+01,2.181455367193422390e+01,1.360000000000000098e+00,2.648169175452900870e+00
1.662390821584000000e+12,1.359830147272023204e+01,1.955840933335299425e+01,1.360000000000000098e+00,4.355475679228867136e+00
1.662390822144000000e+12,1.331409101044529386e+01,1.894855922400029158e+01,1.360000000000000098e+00,4.576885196159696356e+00
1.662390822724000000e+12,1.308791751881145693e+01,1.837877071038715826e+01,1.360000000000000098e+00,4.548338229219979212e+00
1.662390823294000000e+12,1.297440258265370439e+01,1.770497344847947829e+01,1.360000000000000098e+00,4.509516911949966733e+00
1.662390823864000000e+12,1.375527826314336188e+01,1.702258318455172770e+01,1.360000000000000098e+00,4.478182940330112771e+00
1.662390824434000000e+12,1.376021217665234175e+01,1.632598991182434389e+01,1.360000000000000098e+00,4.415779785152193604e+00
1.662390824984000000e+12,1.365687817302920593e+01,1.558786392883537530e+01,1.360000000000000098e+00,4.419986153770680382e+00
1.662390825564000000e+12,1.364124009800907800e+01,1.462587996434765714e+01,1.360000000000000098e+00,4.618554106756541877e+00
1.662390826084000000e+12,1.360934633709640096e+01,1.393200317855331960e+01,1.360000000000000098e+00,4.625925170210285486e+00
1.662390826664000000e+12,1.363248427975036670e+01,1.325843228796262174e+01,1.360000000000000098e+00,4.551496316028859290e+00
1.662390827204000000e+12,1.369004268430609805e+01,1.259738223647210553e+01,1.360000000000000098e+00,4.497340145665289057e+00
1.662390827794000000e+12,1.467517900827505528e+01,1.225907048609965955e+01,1.360000000000000098e+00,4.270215372168627788e+00
1.662390828344000000e+12,1.474737596332294132e+01,1.163254592195440118e+01,1.360000000000000098e+00,4.196163882357023311e+00
1.662390828914000000e+12,1.511945803473098060e+01,1.118122086200552623e+01,1.360000000000000098e+00,4.041309730428568336e+00
1.662390829474000000e+12,1.720687250468979457e+01,1.142959550488208542e+01,1.360000000000000098e+00,4.382847936219945950e+00
1.662390830124000000e+12,1.775909974593909979e+01,1.117279328939321914e+01,1.360000000000000098e+00,4.140162437158562803e+00
1.662390830634000000e+12,1.835424583071334581e+01,1.093373349135366723e+01,1.360000000000000098e+00,4.119570213970419559e+00
1.662390831224000000e+12,1.902228743624656815e+01,1.082316797829554567e+01,1.360000000000000098e+00,3.972311480283543972e+00
1.662390831754000000e+12,1.993813212778693611e+01,1.110130996186509655e+01,1.360000000000000098e+00,3.924950937427674535e+00
1.662390832294000000e+12,2.062241210189348806e+01,1.099839644858580279e+01,1.360000000000000098e+00,3.864422058821712636e+00
1.662390832834000000e+12,2.130630659553220596e+01,1.089925072358775537e+01,1.360000000000000098e+00,3.857605071973849498e+00
1.662390833404000000e+12,2.196823806615789820e+01,1.082981495826509466e+01,1.360000000000000098e+00,3.716891495473652274e+00
1.662390833924000000e+12,2.284998030548399583e+01,1.075073971969177400e+01,1.360000000000000098e+00,3.870363958921289704e+00
1.662390834474000000e+12,2.350921753881443621e+01,1.071092887422682871e+01,1.360000000000000098e+00,3.711931575740497369e+00
1.662390835024000000e+12,2.411117155047725191e+01,1.065084774993646555e+01,1.360000000000000098e+00,3.604762632795567079e+00
1.662390835544000000e+12,2.544056053449554966e+01,1.119758985195223211e+01,1.360000000000000098e+00,3.793992612814381271e+00
1.662390836134000000e+12,2.608711202289124387e+01,1.115886037359914873e+01,1.360000000000000098e+00,3.666927702233650166e+00
1.662390836704000000e+12,2.673996368530695023e+01,1.125218062701448041e+01,1.360000000000000098e+00,3.561838314498227742e+00
1.662390837254000000e+12,2.743828949250491789e+01,1.124982097173903561e+01,1.360000000000000098e+00,3.635734597683891955e+00
1.662390837814000000e+12,2.831265560517325497e+01,1.140136116054459414e+01,1.360000000000000098e+00,3.678982078777305098e+00
1.662390838334000000e+12,2.901839437367108943e+01,1.134673517350208449e+01,1.360000000000000098e+00,3.761469493059625080e+00
1.662390838894000000e+12,2.977340746754433809e+01,1.120629631878613885e+01,1.360000000000000098e+00,3.826643270134121089e+00
1.662390839434000000e+12,3.042651965063813435e+01,1.122083506461838809e+01,1.360000000000000098e+00,3.839980651751804253e+00
1.662390840014000000e+12,3.119062455999567973e+01,1.195379766890546414e+01,1.360000000000000098e+00,3.508745109872569934e+00
1.662390840544000000e+12,3.177544354487448430e+01,1.194345940278881102e+01,1.360000000000000098e+00,3.464628532669454586e+00
1.662390841104000000e+12,3.219679018505550516e+01,1.219515007073839108e+01,1.360000000000000098e+00,3.118731135831830592e+00
1.662390841644000000e+12,3.174969953773573650e+01,1.450900708078225243e+01,1.360000000000000098e+00,1.926128894938211600e+00
1.662390842264000000e+12,3.202051487108227690e+01,1.512999463761064511e+01,1.360000000000000098e+00,1.731212641415585507e+00
1.662390842784000000e+12,3.220196893282977157e+01,1.571209078981454255e+01,1.360000000000000098e+00,1.703569098497002443e+00
1.662390843394000000e+12,3.226628801418002723e+01,1.634077253444256073e+01,1.360000000000000098e+00,1.573226938375255068e+00
1.662390843924000000e+12,3.070599906737239593e+01,1.686795655744593603e+01,1.360000000000000098e+00,3.349332818135321022e-01
1.662390844504000000e+12,3.083103524630815429e+01,1.748953967342542271e+01,1.360000000000000098e+00,1.761180896362088411e-01
1.662390845024000000e+12,3.071472266320251521e+01,1.813633717439293491e+01,1.360000000000000098e+00,1.950133405222623795e-01
1.662390845604000000e+12,2.868444911454854207e+01,1.717532036257547645e+01,1.360000000000000098e+00,2.222012429973490022e+00
1.662390846194000000e+12,2.817964598590425496e+01,1.742731049284053313e+01,1.360000000000000098e+00,2.208630544056362499e+00
1.662390846834000000e+12,2.754954558946102239e+01,1.899593257637890176e+01,1.360000000000000098e+00,1.637244447290451488e+00
1.662390847404000000e+12,2.697675524733317687e+01,1.910274763145140753e+01,1.360000000000000098e+00,1.516165166452326796e+00
1.662390847984000000e+12,2.545885891555389691e+01,1.853541387024547049e+01,1.360000000000000098e+00,2.316114561511542380e+00
1.662390848524000000e+12,2.478077889340916684e+01,1.876040863948344750e+01,1.360000000000000098e+00,2.260039976422360208e+00
1.662390849074000000e+12,2.411519145363409677e+01,1.888877941946080341e+01,1.360000000000000098e+00,2.160815837088911895e+00
1.662390849624000000e+12,2.320974743865995293e+01,1.872801212065873599e+01,1.360000000000000098e+00,2.329316430891109846e+00
1.662390850164000000e+12,2.255004667466851842e+01,1.881629423977397408e+01,1.360000000000000098e+00,2.218852429961215122e+00
1.662390850704000000e+12,2.192590537533274286e+01,1.896354589921254430e+01,1.360000000000000098e+00,2.093230171667932016e+00
1.662390851254000000e+12,2.131718329365900289e+01,1.908298246630668160e+01,1.360000000000000098e+00,1.946380793396079056e+00
1.662390851804000000e+12,2.044065342663272133e+01,1.872072067134314111e+01,1.360000000000000098e+00,2.105843530008178366e+00
1.662390852384000000e+12,1.982313863838500012e+01,1.884903260661489810e+01,1.360000000000000098e+00,1.946098172416838024e+00
1.662390852914000000e+12,1.923105344918427306e+01,1.898102257739552456e+01,1.360000000000000098e+00,1.836096031748906121e+00
1.662390853504000000e+12,1.864510803666806993e+01,1.906124651469993125e+01,1.360000000000000098e+00,1.635917027100532550e+00
1.662390854064000000e+12,1.797161702109689685e+01,1.867403850849027336e+01,1.360000000000000098e+00,1.592946773278844486e+00
1.662390854624000000e+12,1.725534568673602820e+01,1.886534737352649671e+01,1.360000000000000098e+00,1.561142487377386034e+00
1.662390855154000000e+12,1.659190164468311934e+01,1.908517921922199534e+01,1.360000000000000098e+00,1.545390684976162499e+00
1.662390855714000000e+12,1.523556473584267046e+01,1.488891588413039813e+01,1.360000000000000098e+00,4.652649247510041164e+00
1.662390856284000000e+12,1.452329069157600117e+01,1.881282965309569377e+01,1.360000000000000098e+00,2.137219408864341919e+00
1.662390856884000000e+12,1.387517622373751180e+01,1.894923502975811047e+01,1.360000000000000098e+00,2.011912496066556422e+00
1.662390857454000000e+12,1.331847376517016635e+01,1.895404000593500982e+01,1.360000000000000098e+00,1.923778445650139446e+00
1.662390858064000000e+12,1.451882082549146880e+01,1.301845657942501511e+01,1.360000000000000098e+00,5.599442163382979842e+00
1.662390858614000000e+12,1.430067896368572988e+01,1.249715226320999939e+01,1.360000000000000098e+00,5.626448024037661533e+00
1.662390859234000000e+12,1.416428775334588863e+01,1.192722528532262061e+01,1.360000000000000098e+00,5.522901471720656374e+00
1.662390859754000000e+12,1.552817575357283708e+01,9.946881435699099328e+00,1.360000000000000098e+00,7.049570420287378347e+00
1.662390860384000000e+12,1.498204725537740245e+01,9.681138282067061951e+00,1.360000000000000098e+00,6.438902224668853869e+00
1.662390860914000000e+12,1.432247445190031243e+01,1.282586090246548771e+01,1.360000000000000098e+00,2.575944572708326774e+00
1.662390861524000000e+12,1.444952988653999348e+01,1.215453548492319058e+01,1.360000000000000098e+00,2.499966913217299691e+00
1.662390862034000000e+12,1.663949797287139631e+01,1.290610267939243805e+01,1.360000000000000098e+00,2.552026114360915532e+00
1.662390862664000000e+12,1.713965484706662679e+01,1.262837975767636856e+01,1.360000000000000098e+00,2.379341364020507665e+00
1.662390863214000000e+12,1.764318544298617297e+01,1.233160570693447333e+01,1.360000000000000098e+00,2.282288446730124321e+00
1.662390863754000000e+12,1.938672675920877708e+01,1.250791176735425658e+01,1.360000000000000098e+00,3.126355159615817669e+00
1.662390864324000000e+12,1.994797802189459190e+01,1.221584169811979947e+01,1.360000000000000098e+00,2.985847887558980673e+00
1.662390864854000000e+12,2.061956330498291123e+01,1.204074277139406490e+01,1.360000000000000098e+00,2.941180495134974038e+00
1.662390865404000000e+12,2.121070714043941052e+01,1.176475872962595659e+01,1.360000000000000098e+00,2.904864935966751105e+00
1.662390865944000000e+12,2.224368227195392222e+01,1.256141355110230506e+01,1.360000000000000098e+00,2.903449377482729687e+00
1.662390866484000000e+12,2.291753945216310839e+01,1.228797172974326379e+01,1.360000000000000098e+00,2.886017090500580196e+00
1.662390867034000000e+12,2.353296814161409145e+01,1.205302805228324381e+01,1.360000000000000098e+00,2.823331275769663140e+00
1.662390867574000000e+12,2.414917523256129783e+01,1.179063181503446422e+01,1.360000000000000098e+00,2.826929758966359341e+00
1.662390868164000000e+12,2.474917055755931727e+01,1.244246107977186711e+01,1.360000000000000098e+00,2.436216840342417367e+00
1.662390868774000000e+12,2.535409448800097110e+01,1.222556102545751600e+01,1.360000000000000098e+00,2.309787866938910916e+00
1.662390869344000000e+12,2.597711914401720179e+01,1.205835829181047814e+01,1.360000000000000098e+00,2.242947809122498359e+00
1.662390869884000000e+12,2.757311711478725869e+01,1.248334909598871434e+01,1.360000000000000098e+00,3.039695571662273554e+00
1.662390870424000000e+12,2.821578422749975346e+01,1.226669073073698613e+01,1.360000000000000098e+00,2.958755384012040857e+00
1.662390870954000000e+12,2.879635027125677027e+01,1.206792810175311637e+01,1.360000000000000098e+00,2.889188396959839533e+00
1.662390871524000000e+12,2.946578560295267479e+01,1.183435698821222282e+01,1.360000000000000098e+00,2.857847508821852234e+00
1.662390872074000000e+12,3.044788827359153416e+01,1.302245762519467931e+01,1.360000000000000098e+00,2.920425731937478009e+00
1.662390872654000000e+12,3.094978366038746032e+01,1.293841281270024268e+01,1.360000000000000098e+00,2.652681615048145591e+00
1.662390873204000000e+12,3.174902514929169328e+01,1.283011231122937090e+01,1.360000000000000098e+00,2.780611980355739643e+00
1.662390873774000000e+12,3.108630515791119464e+01,1.543827904314531807e+01,1.360000000000000098e+00,2.550170227835298231e+00
1.662390874334000000e+12,3.141427036768848780e+01,1.592388557967164608e+01,1.360000000000000098e+00,2.489978012667752427e+00
1.662390874954000000e+12,3.172746253007004924e+01,1.631254703633277359e+01,1.360000000000000098e+00,2.233485646278313919e+00
1.662390875494000000e+12,3.197219517072766592e+01,1.680304199594118231e+01,1.360000000000000098e+00,2.179661567663804256e+00
1.662390876074000000e+12,3.050114663127824244e+01,1.787398143873912559e+01,1.360000000000000098e+00,1.913054774430575922e+00
1.662390876634000000e+12,3.090239666870891355e+01,1.854522390404260079e+01,1.360000000000000098e+00,1.900809641145098761e+00
1.662390877214000000e+12,3.100543652536966377e+01,1.923627002528193231e+01,1.360000000000000098e+00,1.907991425946354624e+00
1.662390877694000000e+12,3.093268050364650890e+01,1.980381569839012101e+01,1.360000000000000098e+00,2.021091233310929880e+00
1.662390878344000000e+12,2.846716765564486806e+01,1.880291627377704344e+01,1.360000000000000098e+00,1.510846255264858273e+00
1.662390878944000000e+12,2.806627561879718868e+01,1.909069996802807623e+01,1.360000000000000098e+00,1.283032925735813956e+00
1.662390879494000000e+12,2.755189797874322011e+01,1.920128641435356087e+01,1.360000000000000098e+00,1.117608793876897488e+00
1.662390880044000000e+12,2.561787635883208480e+01,1.865848102355201732e+01,1.360000000000000098e+00,2.333624011013301747e+00
1.662390880614000000e+12,2.500656911434911578e+01,1.886753663055423047e+01,1.360000000000000098e+00,2.144040671145722499e+00
1.662390881164000000e+12,2.435490081774219817e+01,1.912709152906636589e+01,1.360000000000000098e+00,2.065199941998470567e+00
1.662390881714000000e+12,2.369468475674610630e+01,1.932147677431177257e+01,1.360000000000000098e+00,1.997860122590557008e+00
1.662390882264000000e+12,2.276056164204885945e+01,1.868125512388925458e+01,1.360000000000000098e+00,2.163057289816131767e+00
1.662390882794000000e+12,2.212710954143563669e+01,1.894260224846659924e+01,1.360000000000000098e+00,2.039137958528712602e+00
1.662390883334000000e+12,2.155123226115815882e+01,1.923482854463193092e+01,1.360000000000000098e+00,1.877132787093096278e+00
1.662390883874000000e+12,2.019897340895796489e+01,1.870162988735109977e+01,1.360000000000000098e+00,2.498384639055695189e+00
1.662390884444000000e+12,1.962116069614020475e+01,1.901601971484879527e+01,1.360000000000000098e+00,2.275100743189388819e+00
1.662390884984000000e+12,1.899793869228376408e+01,1.927817771530542856e+01,1.360000000000000098e+00,2.175986208602745275e+00
1.662390885524000000e+12,1.831107811379779449e+01,1.948944506541836930e+01,1.360000000000000098e+00,2.178692256535635252e+00
1.662390886054000000e+12,1.751556596975928315e+01,1.860340157683037177e+01,1.360000000000000098e+00,2.238828312518846175e+00
1.662390886634000000e+12,1.704012327784737835e+01,1.890035999201877459e+01,1.360000000000000098e+00,1.908468461086096690e+00
1.662390887194000000e+12,1.647106369534887804e+01,1.919378826354760648e+01,1.360000000000000098e+00,1.726227021288453400e+00
1.662390887724000000e+12,1.584877222593651602e+01,1.950716338412355455e+01,1.360000000000000098e+00,1.740305907270488950e+00
1.662390888304000000e+12,1.477650815089892511e+01,1.867237360815514435e+01,1.360000000000000098e+00,1.957199644592098053e+00
1.662390888864000000e+12,1.425868378967480332e+01,1.901381783827518390e+01,1.360000000000000098e+00,1.739323953180509585e+00
1.662390889404000000e+12,1.371879706447789005e+01,1.936877678539171299e+01,1.360000000000000098e+00,1.618594031866722238e+00
1.662390889974000000e+12,1.338296561298139409e+01,2.042102027677644926e+01,1.360000000000000098e+00,1.840580551653004271e+00
1.662390890574000000e+12,1.317052552747747995e+01,2.101393534174037470e+01,1.360000000000000098e+00,1.788691066442978705e+00
1.662390891124000000e+12,1.325977996399601544e+01,2.161936340832426851e+01,1.360000000000000098e+00,1.739074517824065191e+00
1.662390891654000000e+12,1.345585375827920593e+01,2.222994973977685262e+01,1.360000000000000098e+00,1.688221586206660518e+00
1.662390892234000000e+12,1.428224519384282942e+01,2.253246468252505608e+01,1.360000000000000098e+00,1.608969815926833968e+00
1.662390892834000000e+12,1.473291005030197631e+01,2.301955114151132520e+01,1.360000000000000098e+00,1.672564946321858370e+00
1.662390893394000000e+12,1.540173165335353289e+01,2.320556056325950678e+01,1.360000000000000098e+00,1.859793134265700587e+00
1.662390893954000000e+12,1.652435246516477108e+01,2.303827704650585062e+01,1.360000000000000098e+00,2.396285197394564026e+00
1.662390894514000000e+12,1.708040866795309753e+01,2.281837836018621246e+01,1.360000000000000098e+00,2.457508556762336926e+00
1.662390895104000000e+12,1.769255145623697700e+01,2.261706025787237806e+01,1.360000000000000098e+00,2.438224155276543570e+00
1.662390895624000000e+12,1.827193435543853184e+01,2.234079330303219280e+01,1.360000000000000098e+00,2.572877481625844620e+00
1.662390896204000000e+12,1.942943019317940667e+01,2.304524570325564170e+01,1.360000000000000098e+00,2.634879538501799345e+00
1.662390896764000000e+12,1.999102105030223697e+01,2.268355047310548755e+01,1.360000000000000098e+00,2.565035851652114118e+00
1.662390897264000000e+12,2.058514924341495345e+01,2.236344455436346124e+01,1.360000000000000098e+00,2.547569875364865677e+00
1.662390897814000000e+12,2.253484431404669408e+01,2.289503687666111986e+01,1.360000000000000098e+00,3.417046741096414486e+00
1.662390898364000000e+12,2.314096095228713423e+01,2.260441559670378808e+01,1.360000000000000098e+00,3.280892794934612944e+00
1.662390898884000000e+12,2.373805184115120070e+01,2.232389347390743239e+01,1.360000000000000098e+00,3.241765788799288117e+00
1.662390899444000000e+12,2.434410671270626381e+01,2.207556252471056268e+01,1.360000000000000098e+00,3.137924798981778451e+00
1.662390899974000000e+12,2.542965813566622657e+01,2.293827773950025062e+01,1.360000000000000098e+00,3.187488278517007778e+00
1.662390900534000000e+12,2.604053585783321623e+01,2.265495593281475450e+01,1.360000000000000098e+00,3.052456486747380016e+00
1.662390901064000000e+12,2.662617002535269961e+01,2.232852652769287261e+01,1.360000000000000098e+00,3.011256844458890747e+00
1.662390901624000000e+12,2.726762962926793321e+01,2.207227528554252416e+01,1.360000000000000098e+00,2.968289138925769954e+00
1.662390902164000000e+12,2.824645870914120849e+01,2.282078457780897196e+01,1.360000000000000098e+00,2.903341891277062548e+00
1.662390902714000000e+12,2.883722940463353979e+01,2.252639056267294393e+01,1.360000000000000098e+00,2.773568389879645046e+00
1.662390903244000000e+12,2.941772143932438510e+01,2.216337356269042758e+01,1.360000000000000098e+00,2.754171933883408308e+00
1.662390903794000000e+12,3.002655497654190953e+01,2.178670324241690182e+01,1.360000000000000098e+00,2.730922839345691244e+00
1.662390904364000000e+12,3.016161016887950908e+01,2.136609619893251377e+01,1.360000000000000098e+00,2.417933004602082825e+00
1.662390904924000000e+12,3.050974170865046275e+01,2.070284480390158421e+01,1.360000000000000098e+00,2.463417778005332792e+00
1.662390905484000000e+12,3.054628757686022666e+01,2.003950319110896672e+01,1.360000000000000098e+00,2.378002752897379501e+00
1.662390906044000000e+12,3.049584192103763414e+01,1.941298500793830684e+01,1.360000000000000098e+00,2.221351921026140541e+00
